Workbook

Sheet Captura
C3: REPORTE DE FALTANTES
D7: FECHA: | H7: NUM. AGENTE
D8: PERIODO:
C10: # | D10: Sucursal | E10: Agente | F10: Código | G10: Descripción | H10: Cantidad Faltante | I10: CLIENTE | J10: ORDEN DE COMPRA
C11: 1 | G11: =IFERROR(VLOOKUP(F11,BaseInterna!B:C,2,FALSE),"")
C12: 2 | G12: =IFERROR(VLOOKUP(F12,BaseInterna!B:C,2,FALSE),"")
C13: 3 | G13: =IFERROR(VLOOKUP(F13,BaseInterna!B:C,2,FALSE),"")
C14: 4 | G14: =IFERROR(VLOOKUP(F14,BaseInterna!B:C,2,FALSE),"")
C15: 5 | G15: =IFERROR(VLOOKUP(F15,BaseInterna!B:C,2,FALSE),"")
C16: 6 | G16: =IFERROR(VLOOKUP(F16,BaseInterna!B:C,2,FALSE),"")
C17: 7 | G17: =IFERROR(VLOOKUP(F17,BaseInterna!B:C,2,FALSE),"")
C18: 8 | G18: =IFERROR(VLOOKUP(F18,BaseInterna!B:C,2,FALSE),"")
C19: 9 | G19: =IFERROR(VLOOKUP(F19,BaseInterna!B:C,2,FALSE),"")
C20: 10 | G20: =IFERROR(VLOOKUP(F20,BaseInterna!B:C,2,FALSE),"")
C21: 11 | G21: =IFERROR(VLOOKUP(F21,BaseInterna!B:C,2,FALSE),"")
C22: 12 | G22: =IFERROR(VLOOKUP(F22,BaseInterna!B:C,2,FALSE),"")
... C110: 100 | G110: =IFERROR(VLOOKUP(F110,BaseInterna!B:C,2,FALSE),"")

Sheet BaseInterna
B5: V01005 | C5: ANSOF 200 MG CAJA C/30 TABS
B6: V01006 | C6: ARISTOCILIN 500 MG CAJA C/12 CAPS
B7: V01007 | C7: ARISTOCILIN 500 MG CAJA C/24 CAPS
B8: V01008 | C8: AXOFLANOL 400 MG CAJA C/20 TABS
B9: V01009 | C9: CILONAXOL 5/30 MG CAJA C/10 TABS
B10: V01010 | C10: CILORA 10 MG CAJA C/10 TABS
B11: V01011 | C11: CILORA 10 MG CAJA C/20 TABS
B12: V01013 | C12: CITRA- 50 50 MG CAJA C/10 TABS
B13: V01018 | C13: CLORIXAN 200 MG CAJA C/20 TABS
B14: V01024 | C14: DAZOR 100 MG CAJA C/12 CAPS
B15: V01025 | C15: DEFLENOL 600 MG CAJA C/20 TABS
B16: V01027 | C16: DIPERA 2 MG CAJA C/12 TABS
... B167: V02246 | C167: CARBAMAZEPINA 400 MG FRASCO C/20 TABS
